Timestamp,AQI,AQI_Category,Alert_Status
2025-09-07 10:54:27,288.17,Very Unhealthy (Unsafe),Sent
2025-09-21 06:37:28,288.17,Very Unhealthy (Unsafe),SMS:+918122978440=Sent | SMS:+919047933436=Sent | WA:whatsapp:+918122978440=Sent | WA:whatsapp:+919047933436=Sent | Email:femeeaberigith@gmail.com=Sent | Email:jknehavardhini1234@gmail.com=Sent
2025-09-21 09:19:05,275.98,Very Unhealthy (Unsafe),SMS:+918122978440=Sent | SMS:+919047933436=Sent | WA:whatsapp:+918122978440=Sent | WA:whatsapp:+919047933436=Sent | Email:femeeaberigith@gmail.com=Sent | Email:jknehavardhini1234@gmail.com=Sent
2025-09-21 09:22:55,275.98,Very Unhealthy (Unsafe),SMS:+918122978440=Sent | SMS:+919047933436=Sent | WA:whatsapp:+918122978440=Sent | WA:whatsapp:+919047933436=Sent | Email:femeeaberigith@gmail.com=Sent | Email:jknehavardhini1234@gmail.com=Sent
2025-09-21 09:25:33,275.98,Very Unhealthy (Unsafe),SMS:+918122978440=Sent | SMS:+919047933436=Sent | WA:whatsapp:+918122978440=Sent | WA:whatsapp:+919047933436=Sent | Email:jknehvardhini@gmail.com=Sent | Email:jknehavardhini1234@gmail.com=Sent
2025-09-21 09:25:59,275.98,Very Unhealthy (Unsafe),SMS:+918122978440=Sent | SMS:+919176364447=Sent | WA:whatsapp:+918122978440=Sent | WA:whatsapp:+919176364447=Sent | Email:jknehvardhini@gmail.com=Sent | Email:jknehavardhini1234@gmail.com=Sent
2025-09-21 10:43:03,275.98,Very Unhealthy (Unsafe),SMS:+918122978440=Sent | SMS:+919176364447=Sent | WA:whatsapp:+918122978440=Sent | WA:whatsapp:+919176364447=Sent | Email:jknehvardhini@gmail.com=Sent | Email:jknehavardhini1234@gmail.com=Sent
2025-09-21 10:43:42,275.98,Very Unhealthy (Unsafe),SMS:+918122978440=Sent | SMS:+919176364447=Sent | WA:whatsapp:+918122978440=Sent | WA:whatsapp:+919176364447=Sent | Email:jknehvardhini@gmail.com=Sent | Email:jknehavardhini1234@gmail.com=Sent
2025-09-21 10:45:11,275.98,Very Unhealthy (Unsafe),SMS:+918122978440=Sent | SMS:+919176364447=Sent | WA:whatsapp:+918122978440=Sent | WA:whatsapp:+919176364447=Sent | Email:jknehvardhini@gmail.com=Sent | Email:jknehavardhini1234@gmail.com=Sent
2025-09-21 12:31:54,275.98,Very Unhealthy (Unsafe),SMS:+918122978440=Failed | SMS:+919176364447=Sent | WA:whatsapp:+918122978440=Failed | WA:whatsapp:+919176364447=Failed | Email:jknehvardhini@gmail.com=Sent | Email:jknehavardhini1234@gmail.com=Sent
2025-09-21 12:38:38,275.98,Very Unhealthy (Unsafe),SMS:+918122978440=Sent | SMS:+919176364447=Sent | WA:whatsapp:+918122978440=Failed | WA:whatsapp:+919176364447=Sent | Email:jknehvardhini@gmail.com=Sent | Email:jknehavardhini1234@gmail.com=Sent
2025-10-01 12:16:23,275.98,Very Unhealthy (Unsafe),SMS:+918122978440=Sent | SMS:+919176364447=Sent | WA:whatsapp:+918122978440=Sent | WA:whatsapp:+919176364447=Sent | Email:jknehvardhini@gmail.com=Sent | Email:jknehavardhini1234@gmail.com=Sent
